#threads,exec_time,speedup
1S,0.046055
1,0.069109,.666411
2,0.048336,.952809
3,0.046812,.983828
4,0.038384,1.199848
