#threads,exec_time,speedup
1S,1.198999
0.656178
1.835707
14.436624
0.057076
0.058022
0.082797
0.129119
0.149126
0.235958,1
1,1.198999
0.656178
1.835707
14.892997
0.057076
0.058022
0.082797
0.129119
0.149126
0.235958,1.198999
.656178
1.835707
14.436624
.057076
.058022
.082797
.129119
.149126
.196795
.656178
1.835707
14.892997
.057076
.058022
.082797
.129119
.149126
.235958
2,1.198999
0.656178
1.835707
8.705563
0.057076
0.058022
0.082797
0.129119
0.149126
0.235958,1.198999
.656178
1.835707
14.436624
.057076
.058022
.082797
.129119
.149126
.196795
.656178
1.835707
8.705563
.057076
.058022
.082797
.129119
.149126
.235958
3,1.198999
0.656178
1.835707
11.318129
0.057076
0.058022
0.082797
0.129119
0.149126
0.235958,1.198999
.656178
1.835707
14.436624
.057076
.058022
.082797
.129119
.149126
.196795
.656178
1.835707
11.318129
.057076
.058022
.082797
.129119
.149126
.235958
4,1.198999
0.656178
1.835707
10.222152
0.057076
0.058022
0.082797
0.129119
0.149126
0.235958,1.198999
.656178
1.835707
14.436624
.057076
.058022
.082797
.129119
.149126
.196795
.656178
1.835707
10.222152
.057076
.058022
.082797
.129119
.149126
.235958
