#threads,exec_time,speedup
1S,0.057076
0.058022
0.093680
0.130998,1
1,0.057076
0.058022
0.089786
0.130998,.057076
.058022
.093680
2.295150
.058022
.089786
.130998
2,0.057076
0.058022
0.094354
0.130998,.057076
.058022
.093680
2.295150
.058022
.094354
.130998
3,0.057076
0.058022
0.093192
0.130998,.057076
.058022
.093680
2.295150
.058022
.093192
.130998
4,0.057076
0.058022
0.082797
0.130998,.057076
.058022
.093680
2.295150
.058022
.082797
.130998
