#threads,exec_time,speedup
1S,0.057076
0.058022
0.082797
0.129119
0.164271,1
1,0.057076
0.058022
0.082797
0.129119
0.169532,.057076
.058022
.082797
.129119
2.878109
.058022
.082797
.129119
.169532
2,0.057076
0.058022
0.082797
0.129119
0.134445,.057076
.058022
.082797
.129119
2.878109
.058022
.082797
.129119
.134445
3,0.057076
0.058022
0.082797
0.129119
0.196314,.057076
.058022
.082797
.129119
2.878109
.058022
.082797
.129119
.196314
4,0.057076
0.058022
0.082797
0.129119
0.149126,.057076
.058022
.082797
.129119
2.878109
.058022
.082797
.129119
.149126
