#threads,exec_time,speedup
1S,0.057076
0.075361
0.130998,1
1,0.057076
0.056461
0.130998,.057076
.075361
2.295150
.056461
.130998
2,0.057076
0.064038
0.130998,.057076
.075361
2.295150
.064038
.130998
3,0.057076
0.072470
0.130998,.057076
.075361
2.295150
.072470
.130998
4,0.057076
0.058022
0.130998,.057076
.075361
2.295150
.058022
.130998
