#threads,exec_time,speedup
1S,0.823500
0.057076
0.058022
0.082797
0.129119
0.149126
0.235958,1
1,0.799179
0.057076
0.058022
0.082797
0.129119
0.149126
0.235958,.823500
.057076
.058022
.082797
.129119
.149126
.295250
.057076
.058022
.082797
.129119
.149126
.235958
2,0.635312
0.057076
0.058022
0.082797
0.129119
0.149126
0.235958,.823500
.057076
.058022
.082797
.129119
.149126
.371404
.057076
.058022
.082797
.129119
.149126
.235958
3,0.636651
0.057076
0.058022
0.082797
0.129119
0.149126
0.235958,.823500
.057076
.058022
.082797
.129119
.149126
.370623
.057076
.058022
.082797
.129119
.149126
.235958
4,0.656178
0.057076
0.058022
0.082797
0.129119
0.149126
0.235958,.823500
.057076
.058022
.082797
.129119
.149126
.359594
.057076
.058022
.082797
.129119
.149126
.235958
