#threads,exec_time,speedup
1S,1.198999
0.656178
2.938669
0.057076
0.058022
0.082797
0.129119
0.149126
0.235958,1
1,1.198999
0.656178
2.725649
0.057076
0.058022
0.082797
0.129119
0.149126
0.235958,1.198999
.656178
2.938669
.057076
.058022
.082797
.129119
.149126
.196795
.656178
2.725649
.057076
.058022
.082797
.129119
.149126
.235958
2,1.198999
0.656178
1.787930
0.057076
0.058022
0.082797
0.129119
0.149126
0.235958,1.198999
.656178
2.938669
.057076
.058022
.082797
.129119
.149126
.196795
.656178
1.787930
.057076
.058022
.082797
.129119
.149126
.235958
3,1.198999
0.656178
1.770971
0.057076
0.058022
0.082797
0.129119
0.149126
0.235958,1.198999
.656178
2.938669
.057076
.058022
.082797
.129119
.149126
.196795
.656178
1.770971
.057076
.058022
.082797
.129119
.149126
.235958
4,1.198999
0.656178
1.835707
0.057076
0.058022
0.082797
0.129119
0.149126
0.235958,1.198999
.656178
2.938669
.057076
.058022
.082797
.129119
.149126
.196795
.656178
1.835707
.057076
.058022
.082797
.129119
.149126
.235958
