#threads,exec_time,speedup
1S,1.752781
0.656178
0.057076
0.058022
0.082797
0.129119
0.149126
0.235958,1
1,1.814009
0.656178
0.057076
0.058022
0.082797
0.129119
0.149126
0.235958,1.752781
.656178
.057076
.058022
.082797
.129119
.149126
.130075
.656178
.057076
.058022
.082797
.129119
.149126
.235958
2,1.310647
0.656178
0.057076
0.058022
0.082797
0.129119
0.149126
0.235958,1.752781
.656178
.057076
.058022
.082797
.129119
.149126
.180031
.656178
.057076
.058022
.082797
.129119
.149126
.235958
3,1.602814
0.656178
0.057076
0.058022
0.082797
0.129119
0.149126
0.235958,1.752781
.656178
.057076
.058022
.082797
.129119
.149126
.147214
.656178
.057076
.058022
.082797
.129119
.149126
.235958
4,1.198999
0.656178
0.057076
0.058022
0.082797
0.129119
0.149126
0.235958,1.752781
.656178
.057076
.058022
.082797
.129119
.149126
.196795
.656178
.057076
.058022
.082797
.129119
.149126
.235958
