#threads,exec_time,speedup
1S,1.198999
0.656178
1.835707
10.222152
25.512279
0.057076
0.058022
0.082797
0.129119
0.149126
0.235958,1
1,1.198999
0.656178
1.835707
10.222152
26.105320
0.057076
0.058022
0.082797
0.129119
0.149126
0.235958,1.198999
.656178
1.835707
10.222152
25.512279
.057076
.058022
.082797
.129119
.149126
.196795
.656178
1.835707
10.222152
26.105320
.057076
.058022
.082797
.129119
.149126
.235958
2,1.198999
0.656178
1.835707
10.222152
14.479421
0.057076
0.058022
0.082797
0.129119
0.149126
0.235958,1.198999
.656178
1.835707
10.222152
25.512279
.057076
.058022
.082797
.129119
.149126
.196795
.656178
1.835707
10.222152
14.479421
.057076
.058022
.082797
.129119
.149126
.235958
3,1.198999
0.656178
1.835707
10.222152
15.168880
0.057076
0.058022
0.082797
0.129119
0.149126
0.235958,1.198999
.656178
1.835707
10.222152
25.512279
.057076
.058022
.082797
.129119
.149126
.196795
.656178
1.835707
10.222152
15.168880
.057076
.058022
.082797
.129119
.149126
.235958
4,1.198999
0.656178
1.835707
10.222152
16.936871
0.057076
0.058022
0.082797
0.129119
0.149126
0.235958,1.198999
.656178
1.835707
10.222152
25.512279
.057076
.058022
.082797
.129119
.149126
.196795
.656178
1.835707
10.222152
16.936871
.057076
.058022
.082797
.129119
.149126
.235958
